,url
0,https://www.welcometothejungle.com/fr/companies/frame/jobs/stagiaire_paris?q=665bfa9dd89447ad9b166a2b19e8f624&o=1614553
1,https://www.welcometothejungle.com/fr/companies/brigad/jobs/internship-sdr-hospitality-uk-f-m_paris?q=665bfa9dd89447ad9b166a2b19e8f624&o=1588905
2,https://www.welcometothejungle.com/fr/companies/klox/jobs/growth-hacker-growth-marketer-stage_paris?q=665bfa9dd89447ad9b166a2b19e8f624&o=1586292
3,https://www.welcometothejungle.com/fr/companies/brigad/jobs/bras-droit-ceo-chief-of-staff-intern_paris?q=665bfa9dd89447ad9b166a2b19e8f624&o=1585896
4,https://www.welcometothejungle.com/fr/companies/brigad/jobs/data-engineer-internship_paris?q=665bfa9dd89447ad9b166a2b19e8f624&o=1584263
5,https://www.welcometothejungle.com/fr/companies/brigad/jobs/stage-sdr-hospitality-france-f-h_paris?q=665bfa9dd89447ad9b166a2b19e8f624&o=1573827
6,https://www.welcometothejungle.com/fr/companies/akimbo/jobs/marketing-digital-growth_paris?q=665bfa9dd89447ad9b166a2b19e8f624&o=1539749
7,https://www.welcometothejungle.com/fr/companies/akimbo/jobs/stage-product-operations-manager_paris?q=665bfa9dd89447ad9b166a2b19e8f624&o=1474568
8,https://www.welcometothejungle.com/fr/companies/talkspirit/jobs/stage-sales-development-representative_paris?q=665bfa9dd89447ad9b166a2b19e8f624&o=584819
9,https://www.welcometothejungle.com/fr/companies/stairwage/jobs/stage-communication-et-community-management_paris?q=665bfa9dd89447ad9b166a2b19e8f624&o=482365
10,https://www.welcometothejungle.com/fr/companies/stairwage/jobs/stage-customer-support-specialist_paris?q=665bfa9dd89447ad9b166a2b19e8f624&o=1144261
11,https://www.welcometothejungle.com/fr/companies/banque-de-france/jobs/architecte-junior-en-innovation-transformation-si-h-f_paris-ii?q=665bfa9dd89447ad9b166a2b19e8f624&o=1615297
12,https://www.welcometothejungle.com/fr/companies/banque-de-france/jobs/analyste-services-bancaires-h-f_paris-i?q=665bfa9dd89447ad9b166a2b19e8f624&o=1615296
13,https://www.welcometothejungle.com/fr/companies/banque-de-france/jobs/assistant-conception-developpement-solutions-informatiques-h-f_poitiers?q=665bfa9dd89447ad9b166a2b19e8f624&o=1615295
14,https://www.welcometothejungle.com/fr/companies/banque-de-france/jobs/analyste-mecanisme-de-supervision-unique-h-f_paris-ix?q=665bfa9dd89447ad9b166a2b19e8f624&o=1615294
15,https://www.welcometothejungle.com/fr/companies/banque-de-france/jobs/developpeur-fullstack-au-pole-fintech-innovation-h-f_paris-ix?q=665bfa9dd89447ad9b166a2b19e8f624&o=1615293
16,https://www.welcometothejungle.com/fr/companies/banque-de-france/jobs/charge-de-communication-externe-et-relations-presse-h-f_paris-ix?q=665bfa9dd89447ad9b166a2b19e8f624&o=1615292
17,https://www.welcometothejungle.com/fr/companies/banque-de-france/jobs/charge-d-etudes-start-up-h-f_paris-ii_BDF_gPMQkdL?q=665bfa9dd89447ad9b166a2b19e8f624&o=1615291
18,https://www.welcometothejungle.com/fr/companies/banque-de-france/jobs/charge-d-etudes-statistiques-en-banque-h-f_paris-ix?q=665bfa9dd89447ad9b166a2b19e8f624&o=1615290
19,https://www.welcometothejungle.com/fr/companies/banque-de-france/jobs/business-analyst-outils-collaboratifs-h-f_paris-ii?q=665bfa9dd89447ad9b166a2b19e8f624&o=1615289
20,https://www.welcometothejungle.com/fr/companies/banque-de-france/jobs/developpeur-d-outils-d-analyse-des-organismes-d-assurance-h-f_paris-ix?q=665bfa9dd89447ad9b166a2b19e8f624&o=1615288
21,https://www.welcometothejungle.com/fr/companies/banque-de-france/jobs/analyste-groupes-h-f_courbevoie_BDF_xJdZReA?q=665bfa9dd89447ad9b166a2b19e8f624&o=1615287
22,https://www.welcometothejungle.com/fr/companies/banque-de-france/jobs/specialiste-international-assurance-h-f_paris-ix_BDF_3qzWlA7?q=665bfa9dd89447ad9b166a2b19e8f624&o=1615286
23,https://www.welcometothejungle.com/fr/companies/banque-de-france/jobs/informaticien-en-maitrise-d-ouvrage-h-f_paris-ix?q=665bfa9dd89447ad9b166a2b19e8f624&o=1615285
24,https://www.welcometothejungle.com/fr/companies/banque-de-france/jobs/analyste-financier-comptes-sociaux-h-f_melun?q=665bfa9dd89447ad9b166a2b19e8f624&o=1615284
25,https://www.welcometothejungle.com/fr/companies/banque-de-france/jobs/data-analyst-h-f_paris-ii?q=665bfa9dd89447ad9b166a2b19e8f624&o=1615283
26,https://www.welcometothejungle.com/fr/companies/banque-de-france/jobs/gestionnaire-operations-de-marche-back-office-h-f_paris-i?q=665bfa9dd89447ad9b166a2b19e8f624&o=1615282
27,https://www.welcometothejungle.com/fr/companies/banque-de-france/jobs/analyste-quantitatif-risques-financiers-h-f_paris-i?q=665bfa9dd89447ad9b166a2b19e8f624&o=1615281
28,https://www.welcometothejungle.com/fr/companies/banque-de-france/jobs/analyse-et-statistiques-sur-les-donnees-du-systeme-bancaire-francais-h-f_paris-ix?q=665bfa9dd89447ad9b166a2b19e8f624&o=1615280
29,https://www.welcometothejungle.com/fr/companies/banque-de-france/jobs/gestionnaire-dossiers-d-autorisation-h-f_lille?q=665bfa9dd89447ad9b166a2b19e8f624&o=1615279
30,https://www.welcometothejungle.com/fr/companies/banque-de-france/jobs/developpeur-web-h-f_paris-i?q=954a87d0c1edf5420a4404b7854ee14b&o=1615278
31,https://www.welcometothejungle.com/fr/companies/banque-de-france/jobs/analyste-lcb-ft-h-f_paris-ix?q=954a87d0c1edf5420a4404b7854ee14b&o=1615277
32,https://www.welcometothejungle.com/fr/companies/banque-de-france/jobs/expert-en-automatisation-et-optimisation-des-reportings-h-f_paris-i?q=954a87d0c1edf5420a4404b7854ee14b&o=1615276
33,https://www.welcometothejungle.com/fr/companies/banque-de-france/jobs/charge-d-accueil-et-gestionnaire-surendettement-h-f_bordeaux?q=954a87d0c1edf5420a4404b7854ee14b&o=1615275
34,https://www.welcometothejungle.com/fr/companies/banque-de-france/jobs/charge-d-etudes-statistiques-en-assurance-h-f_paris-ix?q=954a87d0c1edf5420a4404b7854ee14b&o=1615274
35,https://www.welcometothejungle.com/fr/companies/banque-de-france/jobs/economiste-statisticien-donnees-assurance-vie-h-f_paris-ix?q=954a87d0c1edf5420a4404b7854ee14b&o=1615273
36,https://www.welcometothejungle.com/fr/companies/banque-de-france/jobs/analyste-financier-junior-h-f_pau?q=954a87d0c1edf5420a4404b7854ee14b&o=1615272
37,https://www.welcometothejungle.com/fr/companies/banque-de-france/jobs/analyste-financier-h-f_versailles?q=954a87d0c1edf5420a4404b7854ee14b&o=1615271
38,https://www.welcometothejungle.com/fr/companies/banque-de-france/jobs/technicien-reseau-securite-h-f_noisiel?q=954a87d0c1edf5420a4404b7854ee14b&o=1615270
39,https://www.welcometothejungle.com/fr/companies/banque-de-france/jobs/analyste-financier-en-comptes-consolides-h-f_lille?q=954a87d0c1edf5420a4404b7854ee14b&o=1615269
40,https://www.welcometothejungle.com/fr/companies/banque-de-france/jobs/analyste-financier-h-f_valence?q=954a87d0c1edf5420a4404b7854ee14b&o=1615268
41,https://www.welcometothejungle.com/fr/companies/banque-de-france/jobs/analyste-financier-en-comptes-consolides-h-f_orleans?q=954a87d0c1edf5420a4404b7854ee14b&o=1615267
42,https://www.welcometothejungle.com/fr/companies/banque-de-france/jobs/datascientist-outil-chatgpt-h-f_paris-ii?q=954a87d0c1edf5420a4404b7854ee14b&o=1615266
43,https://www.welcometothejungle.com/fr/companies/banque-de-france/jobs/controleur-de-gestion-h-f_paris-i?q=954a87d0c1edf5420a4404b7854ee14b&o=1615265
44,https://www.welcometothejungle.com/fr/companies/banque-de-france/jobs/chef-de-projet-veille-et-innovation-h-f_paris-ii?q=954a87d0c1edf5420a4404b7854ee14b&o=1533609
45,https://www.welcometothejungle.com/fr/companies/banque-de-france/jobs/metrologue-concepteur-de-protocole-d-analyse-h-f_la-courneuve?q=954a87d0c1edf5420a4404b7854ee14b&o=1509304
46,https://www.welcometothejungle.com/fr/companies/banque-de-france/jobs/analyste-risque-h-f_paris-ii?q=954a87d0c1edf5420a4404b7854ee14b&o=1507097
47,https://www.welcometothejungle.com/fr/companies/banque-de-france/jobs/analyste-etude-de-cadrage-projet-dorian-2-h-f_paris?q=954a87d0c1edf5420a4404b7854ee14b&o=1507096
48,https://www.welcometothejungle.com/fr/companies/banque-de-france/jobs/analyste-etude-de-cadrage-nouvelle-offre-analytique-entreprises-h-f_paris?q=954a87d0c1edf5420a4404b7854ee14b&o=1507095
49,https://www.welcometothejungle.com/fr/companies/banque-de-france/jobs/controleur-financier-h-f_paris-ii?q=954a87d0c1edf5420a4404b7854ee14b&o=1414795
50,https://www.welcometothejungle.com/fr/companies/banque-de-france/jobs/developpeur-supervision-splunk-h-f_noisiel?q=954a87d0c1edf5420a4404b7854ee14b&o=1394296
51,https://www.welcometothejungle.com/fr/companies/banque-de-france/jobs/gestionnaire-de-reporting-h-f_paris-ix?q=954a87d0c1edf5420a4404b7854ee14b&o=1295328
52,https://www.welcometothejungle.com/fr/companies/banque-de-france/jobs/analyste-de-dossiers-d-autorisation-d-etablissements-financiers-h-f_paris-ix?q=954a87d0c1edf5420a4404b7854ee14b&o=1295324
53,https://www.welcometothejungle.com/fr/companies/margo/jobs/charge-de-communication-interne-marque-employeur-h-f_paris?q=954a87d0c1edf5420a4404b7854ee14b&o=951578
54,https://www.welcometothejungle.com/fr/companies/margo/jobs/charge-e-de-recrutement-stage_paris?q=954a87d0c1edf5420a4404b7854ee14b&o=457090
55,https://www.welcometothejungle.com/fr/companies/thales/jobs/stagiaire-relations-ecoles-f-h_brest?q=954a87d0c1edf5420a4404b7854ee14b&o=1615253
56,https://www.welcometothejungle.com/fr/companies/thales/jobs/stage-ingenieur-caracterisation-de-capteurs-de-position-f-h_elancourt?q=954a87d0c1edf5420a4404b7854ee14b&o=1615246
57,https://www.welcometothejungle.com/fr/companies/thales/jobs/stage-gestion-des-moyens-laboratoire-mecatronique-f-h_elancourt?q=954a87d0c1edf5420a4404b7854ee14b&o=1615239
58,https://www.welcometothejungle.com/fr/companies/deezer/jobs/subscription-sales-specialist-intern-m-f-d_paris?q=954a87d0c1edf5420a4404b7854ee14b&o=1615177
59,https://www.welcometothejungle.com/fr/companies/deezer/jobs/financial-planning-analysis-intern-m-f-d_paris_DEEZE_qxzqwRr?q=954a87d0c1edf5420a4404b7854ee14b&o=1615176
60,https://www.welcometothejungle.com/fr/companies/numberly-1000mercis/jobs/stage-insights-analytics_paris_NUMBE_pWm8YMJ?q=eb2565b8e4258dee3a4008b5d20d549b&o=1615154
61,https://www.welcometothejungle.com/fr/companies/numberly-1000mercis/jobs/alternance-stage-ux-design_paris_NUMBE_qdQ7N8G?q=eb2565b8e4258dee3a4008b5d20d549b&o=1615148
62,https://www.welcometothejungle.com/fr/companies/sanofi/jobs/un-stagiaire-charge-de-validation-des-transports-h-f_ambares-et-lagrave?q=eb2565b8e4258dee3a4008b5d20d549b&o=1615136
63,https://www.welcometothejungle.com/fr/companies/nexity/jobs/stage-de-decouverte-promotion-immobiliere-3eme_1-semaine-_metz_metz_NEXIT_5Jom7x?q=eb2565b8e4258dee3a4008b5d20d549b&o=1615110
64,https://www.welcometothejungle.com/fr/companies/believe-digital/jobs/data-analyst-internship-h-f_paris_BELIE_OjjVzMP?q=eb2565b8e4258dee3a4008b5d20d549b&o=1615097
65,https://www.welcometothejungle.com/fr/companies/thales/jobs/stage-ingenieur-conception-electronique-f-h_terssac?q=eb2565b8e4258dee3a4008b5d20d549b&o=1552101
66,https://www.welcometothejungle.com/fr/companies/thales/jobs/stage-ingenieur-conception-mecanique-f-h_terssac?q=eb2565b8e4258dee3a4008b5d20d549b&o=1552084
67,https://www.welcometothejungle.com/fr/companies/sii/jobs/stage-developpement-ada-h-f_velizy?q=eb2565b8e4258dee3a4008b5d20d549b&o=1505216
68,https://www.welcometothejungle.com/fr/companies/sanofi/jobs/stagiaire-excellence-commerciale-europe-h-f_gentilly?q=eb2565b8e4258dee3a4008b5d20d549b&o=1495135
69,https://www.welcometothejungle.com/fr/companies/dolead/jobs/assistant-hr-operations-h-f-stage_paris?q=eb2565b8e4258dee3a4008b5d20d549b&o=1454391
70,https://www.welcometothejungle.com/fr/companies/sii/jobs/stage-ingenieur-en-developpement-net-h-f_aix-en-provence?q=eb2565b8e4258dee3a4008b5d20d549b&o=1349393
71,https://www.welcometothejungle.com/fr/companies/malt/jobs/internship-social-media-events-project-manager_paris?q=eb2565b8e4258dee3a4008b5d20d549b&o=751726
72,https://www.welcometothejungle.com/fr/companies/artefact/jobs/intern-data-scientist_paris?q=eb2565b8e4258dee3a4008b5d20d549b&o=733065
73,https://www.welcometothejungle.com/fr/companies/hubvisory/jobs/developpeur-fullstack_lille_HUBVI_l8V9qgX?q=eb2565b8e4258dee3a4008b5d20d549b&o=1615091
74,https://www.welcometothejungle.com/fr/companies/hubvisory/jobs/developpeur-fullstack_paris_HUBVI_5mPgl1L?q=eb2565b8e4258dee3a4008b5d20d549b&o=1615089
75,https://www.welcometothejungle.com/fr/companies/effy/jobs/charge-de-conformite-des-ventes-h-f-alternance-stage_paris_EFFY_XVY1O11?q=eb2565b8e4258dee3a4008b5d20d549b&o=1615076
76,https://www.welcometothejungle.com/fr/companies/effy/jobs/stage-alternance-candidature-spontanee-h-f_paris_EFFY_Owa7mdj?q=eb2565b8e4258dee3a4008b5d20d549b&o=1615072
77,https://www.welcometothejungle.com/fr/companies/effy/jobs/assistant-charge-de-projet-financement-h-f-alternance-stage_paris_EFFY_VmMykKe?q=eb2565b8e4258dee3a4008b5d20d549b&o=1615070
78,https://www.welcometothejungle.com/fr/companies/platform-sh/jobs/accounts-payable-intern_paris?q=eb2565b8e4258dee3a4008b5d20d549b&o=1615030
79,https://www.welcometothejungle.com/fr/companies/hermes/jobs/stage-juriste-en-droit-immobilier-et-m-a-h-f_paris?q=eb2565b8e4258dee3a4008b5d20d549b&o=1614984
80,https://www.welcometothejungle.com/fr/companies/veolia/jobs/stage-ingenieur-reporting-et-suivi-des-operations-d-exploitation-h-f_st-chamond_VEOLI_dZ9Pbj9?q=eb2565b8e4258dee3a4008b5d20d549b&o=1614976
81,https://www.welcometothejungle.com/fr/companies/veolia/jobs/stage-charge-de-deploiement-outils-digitaux-h-f_marseille?q=eb2565b8e4258dee3a4008b5d20d549b&o=1614975
82,https://www.welcometothejungle.com/fr/companies/veolia/jobs/stage-commercial-h-f_bordeaux?q=eb2565b8e4258dee3a4008b5d20d549b&o=1614955
83,https://www.welcometothejungle.com/fr/companies/cgi/jobs/stage-chef-de-projet-amoa-product-owner-h-f-secteur-services_paris?q=eb2565b8e4258dee3a4008b5d20d549b&o=1614921
84,https://www.welcometothejungle.com/fr/companies/cgi/jobs/stage-automatisation-des-tests_lille?q=eb2565b8e4258dee3a4008b5d20d549b&o=1614907
85,https://www.welcometothejungle.com/fr/companies/valiantys/jobs/global-marketing-internship_toulouse_VALIA_1jNapO8?q=eb2565b8e4258dee3a4008b5d20d549b&o=1582251
86,https://www.welcometothejungle.com/fr/companies/aircall/jobs/stagiaire-en-droit-social_paris?q=eb2565b8e4258dee3a4008b5d20d549b&o=1505240
87,https://www.welcometothejungle.com/fr/companies/grant-thornton/jobs/stage-juillet-2023-transaction-services-h-f_neuilly-sur-seine?q=eb2565b8e4258dee3a4008b5d20d549b&o=1505169
88,https://www.welcometothejungle.com/fr/companies/veolia/jobs/stage-desaturation-du-gypse-dans-les-effluents-salins_maisons-laffitte?q=eb2565b8e4258dee3a4008b5d20d549b&o=1505116
89,https://www.welcometothejungle.com/fr/companies/veolia/jobs/stage-traitement-des-micropolluants-per-et-polyfluoroalkyles-pfas_maisons-laffitte?q=eb2565b8e4258dee3a4008b5d20d549b&o=1505081
90,https://www.welcometothejungle.com/fr/companies/dott/jobs/data-analyst-intern-central-operations_paris?q=4bebe95195c7dfeaeb1c566bcc142238&o=1505069
91,https://www.welcometothejungle.com/fr/companies/icade/jobs/stage-charge-de-projets-tertiaire-h-f_issy-les-moulineaux?q=4bebe95195c7dfeaeb1c566bcc142238&o=1396546
92,https://www.welcometothejungle.com/fr/companies/malt/jobs/hr-operations-manager_paris?q=4bebe95195c7dfeaeb1c566bcc142238&o=1349377
93,https://www.welcometothejungle.com/fr/companies/groupe-lgm/jobs/stage-ingenieur-ecomaintenance-h-f_velizy-villacoublay?q=4bebe95195c7dfeaeb1c566bcc142238&o=1338548
94,https://www.welcometothejungle.com/fr/companies/mazars-tech/jobs/stagiaire-de-fin-d-etudes-consultant-data-engineer-paris-2023-h-f_courbevoie_MELT_26m59Nz?q=4bebe95195c7dfeaeb1c566bcc142238&o=1614766
95,https://www.welcometothejungle.com/fr/companies/deloitte/jobs/stagiaire-chef-de-projet-talent-h-f_paris-la-defense?q=4bebe95195c7dfeaeb1c566bcc142238&o=1614746
96,https://www.welcometothejungle.com/fr/companies/alliance-automotive-group/jobs/stage-controleur-financier-distribution-h-f_levallois-perret?q=4bebe95195c7dfeaeb1c566bcc142238&o=1614707
97,https://www.welcometothejungle.com/fr/companies/alliance-automotive-group/jobs/stage-controleur-interne-h-f_levallois-perret_AAG_g6NLyW3?q=4bebe95195c7dfeaeb1c566bcc142238&o=1614706
98,https://www.welcometothejungle.com/fr/companies/alliance-automotive-group/jobs/stage-controleur-interne-h-f_vern-sur-seiche?q=4bebe95195c7dfeaeb1c566bcc142238&o=1614705
99,https://www.welcometothejungle.com/fr/companies/epsilon/jobs/stage-assistant-chef-de-projet-marketing-h-f_wasquehal_EF_15y3MY6?q=4bebe95195c7dfeaeb1c566bcc142238&o=1614690
100,https://www.welcometothejungle.com/fr/companies/biomerieux/jobs/stage-3-a-6-mois-ingenieur-hygiene-securite-environnement-f-h_combourg?q=4bebe95195c7dfeaeb1c566bcc142238&o=1614655
101,https://www.welcometothejungle.com/fr/companies/epsa-operations-procurement/jobs/stage-consultant-e-interne-mobilite-durable-f-h-paris_75015-paris-15?q=4bebe95195c7dfeaeb1c566bcc142238&o=1614644
102,https://www.welcometothejungle.com/fr/companies/epsa-operations-procurement/jobs/stage-consultant-e-mobilite-durable-f-h-paris_paris?q=4bebe95195c7dfeaeb1c566bcc142238&o=1614642
103,https://www.welcometothejungle.com/fr/companies/epsa-operations-procurement/jobs/stage-assistant-e-appels-d-offres-f-h-paris_75015-paris-15?q=4bebe95195c7dfeaeb1c566bcc142238&o=1614641
104,https://www.welcometothejungle.com/fr/companies/epsa-operations-procurement/jobs/stage-alternance-charge-e-de-developpement-commercial-f-h-paris_75015-paris-15?q=4bebe95195c7dfeaeb1c566bcc142238&o=1614639
105,https://www.welcometothejungle.com/fr/companies/epsa-operations-procurement/jobs/stage-consultant-e-climat-batiments-durables-immobilier-f-h_paris_EOP_P6bxjOX?q=4bebe95195c7dfeaeb1c566bcc142238&o=1614638
106,https://www.welcometothejungle.com/fr/companies/epsa-operations-procurement/jobs/stage-consultant-e-junior-rse-f-h-marseille_marseille?q=4bebe95195c7dfeaeb1c566bcc142238&o=1614637
107,https://www.welcometothejungle.com/fr/companies/epsa-operations-procurement/jobs/stage-alternance-charge-e-de-developpement-commercial-f-h-marseille_marseille?q=4bebe95195c7dfeaeb1c566bcc142238&o=1614636
108,https://www.welcometothejungle.com/fr/companies/epsa-operations-procurement/jobs/stage-assistant-e-commercial-en-rse-f-h-paris_75015-paris-15?q=4bebe95195c7dfeaeb1c566bcc142238&o=1614632
109,https://www.welcometothejungle.com/fr/companies/epsa-operations-procurement/jobs/stage-consultant-e-mobilite-durable-f-h-marseille_marseille?q=4bebe95195c7dfeaeb1c566bcc142238&o=1614630
110,https://www.welcometothejungle.com/fr/companies/publicis-france-1/jobs/publicis-lamaison-stage-6-mois-assitant-directeur-artistique-asap_paris_PF_JMkOpkb?q=4bebe95195c7dfeaeb1c566bcc142238&o=1614588
111,https://www.welcometothejungle.com/fr/companies/deloitte/jobs/stagiaire-eleve-avocat-droit-des-societes-droit-fiscal-h-f-n_bordeaux?q=4bebe95195c7dfeaeb1c566bcc142238&o=1566811
112,https://www.welcometothejungle.com/fr/companies/deloitte/jobs/stagiaire-ressources-humaines-h-f_paris-la-defense?q=4bebe95195c7dfeaeb1c566bcc142238&o=1508975
113,https://www.welcometothejungle.com/fr/companies/nexter/jobs/stage-ergonomie-prospective-definir-l-activite-future-probable-des-operateurs-de-blindes-du-futur-h-f_versailles?q=4bebe95195c7dfeaeb1c566bcc142238&o=1506847
114,https://www.welcometothejungle.com/fr/companies/hotel-le-meurice-groupe-dorchester-collection/jobs/stagiaire-bar-228-h-f_paris?q=4bebe95195c7dfeaeb1c566bcc142238&o=1506249
115,https://www.welcometothejungle.com/fr/companies/hotel-le-meurice-groupe-dorchester-collection/jobs/stagiaire-gouvernant-h-f_paris?q=4bebe95195c7dfeaeb1c566bcc142238&o=1506246
116,https://www.welcometothejungle.com/fr/companies/hotel-le-meurice-groupe-dorchester-collection/jobs/stagiaire-reception-spa-valmont-h-f_paris?q=4bebe95195c7dfeaeb1c566bcc142238&o=1506241
117,https://www.welcometothejungle.com/fr/companies/hotel-le-meurice-groupe-dorchester-collection/jobs/stage-petits-dejeuners-h-f_paris?q=4bebe95195c7dfeaeb1c566bcc142238&o=1506233
118,https://www.welcometothejungle.com/fr/companies/hotel-le-meurice-groupe-dorchester-collection/jobs/stagiaire-coordinateur-de-l-experience-client-h-f_paris?q=4bebe95195c7dfeaeb1c566bcc142238&o=1506231
119,https://www.welcometothejungle.com/fr/companies/hotel-le-meurice-groupe-dorchester-collection/jobs/stage-en-cuisine-h-f_paris?q=4bebe95195c7dfeaeb1c566bcc142238&o=1506222
120,https://www.welcometothejungle.com/fr/companies/hotel-le-meurice-groupe-dorchester-collection/jobs/stagiaire-banquets-terrain-h-f_paris?q=2d0b7bd3810856e0e2766f0edbe4809c&o=1506219
121,https://www.welcometothejungle.com/fr/companies/prosol/jobs/stage-developpeur-full-stack-h-f_chaponnay_PROSO_P05Ll4k?q=2d0b7bd3810856e0e2766f0edbe4809c&o=1504958
122,https://www.welcometothejungle.com/fr/companies/groupe-micropole/jobs/stage-developpeur-full-stack-f-h_nantes?q=2d0b7bd3810856e0e2766f0edbe4809c&o=1504883
123,https://www.welcometothejungle.com/fr/companies/axa/jobs/sourceur-it-en-stage-f-h_nanterre?q=2d0b7bd3810856e0e2766f0edbe4809c&o=1503086
124,https://www.welcometothejungle.com/fr/companies/axa/jobs/internship-risk-analyst-internal-controller-f-h-6-months_puteaux?q=2d0b7bd3810856e0e2766f0edbe4809c&o=1503064
125,https://www.welcometothejungle.com/fr/companies/deloitte/jobs/stagiaire-transaction-services-h-f_bordeaux_DELOI_a5q5yq8?q=2d0b7bd3810856e0e2766f0edbe4809c&o=1497735
126,https://www.welcometothejungle.com/fr/companies/deloitte/jobs/stagiaire-transaction-services-h-f_toulouse_DELOI_XrY7zQe?q=2d0b7bd3810856e0e2766f0edbe4809c&o=1497733
127,https://www.welcometothejungle.com/fr/companies/deloitte/jobs/stagiaire-recrutement-projets-rh-h-f-n_paris-la-defense?q=2d0b7bd3810856e0e2766f0edbe4809c&o=1475754
128,https://www.welcometothejungle.com/fr/companies/deloitte/jobs/stagiaire-en-restructuring-h-f_rouen?q=2d0b7bd3810856e0e2766f0edbe4809c&o=1469510
129,https://www.welcometothejungle.com/fr/companies/deloitte/jobs/stagiaire-en-fiscalite-indirecte-h-f_paris-la-defense_DELOI_qZ0bD4r?q=2d0b7bd3810856e0e2766f0edbe4809c&o=1458715
130,https://www.welcometothejungle.com/fr/companies/deloitte/jobs/stagiaire-prix-transfert-fiscalite-internationale-h-f_paris-la-defense_DELOI_d5O4a8x?q=2d0b7bd3810856e0e2766f0edbe4809c&o=1451890
131,https://www.welcometothejungle.com/fr/companies/deloitte/jobs/stagiaire-fiscalite-des-entreprises-h-f_paris-la-defense_DELOI_kMQmKLg?q=2d0b7bd3810856e0e2766f0edbe4809c&o=1448540
132,https://www.welcometothejungle.com/fr/companies/deloitte/jobs/stagiaire-fin-d-etudes-consultant-informatique-financement-de-l-innovation-h-f_nice-sophia-antipolis?q=2d0b7bd3810856e0e2766f0edbe4809c&o=1443244
133,https://www.welcometothejungle.com/fr/companies/deloitte/jobs/stagiaire-fin-d-etudes-consultant-informatique-financement-de-l-innovation-h-f_paris-la-defense?q=2d0b7bd3810856e0e2766f0edbe4809c&o=1440306
134,https://www.welcometothejungle.com/fr/companies/deloitte/jobs/stagiaire-conseil-en-systemes-d-information-h-f_marseille?q=2d0b7bd3810856e0e2766f0edbe4809c&o=1430715
135,https://www.welcometothejungle.com/fr/companies/deloitte/jobs/stagiaire-en-droit-des-affaires-h-f_rouen?q=2d0b7bd3810856e0e2766f0edbe4809c&o=1403308
136,https://www.welcometothejungle.com/fr/companies/deloitte/jobs/stagiaire-fiscalite-des-entreprises-real-estate-h-f_paris-la-defense_DELOI_RAlZQMz?q=2d0b7bd3810856e0e2766f0edbe4809c&o=1396188
137,https://www.welcometothejungle.com/fr/companies/deloitte/jobs/stagiaire-m-a-conseil-en-fusions-acquisitions-h-f_paris-la-defense_DELOI_qZggL5V?q=2d0b7bd3810856e0e2766f0edbe4809c&o=1304668
138,https://www.welcometothejungle.com/fr/companies/deloitte/jobs/stagiaire-audit-des-systemes-d-information-h-f_lyon?q=2d0b7bd3810856e0e2766f0edbe4809c&o=1117379
139,https://www.welcometothejungle.com/fr/companies/deloitte/jobs/stagiaire-transaction-services-h-f_bordeaux_DELOI_RD8kGo?q=2d0b7bd3810856e0e2766f0edbe4809c&o=1117363
140,https://www.welcometothejungle.com/fr/companies/deloitte/jobs/stagiaire-fiscalite-des-entreprises-h-f_paris-la-defense?q=2d0b7bd3810856e0e2766f0edbe4809c&o=1117236
141,https://www.welcometothejungle.com/fr/companies/deloitte/jobs/stagiaire-transaction-services-h-f_toulouse_DELOI_xyq4gLJ?q=2d0b7bd3810856e0e2766f0edbe4809c&o=1117176
142,https://www.welcometothejungle.com/fr/companies/deloitte/jobs/stagiaire-en-droit-des-affaires-h-f_lyon?q=2d0b7bd3810856e0e2766f0edbe4809c&o=1116988
143,https://www.welcometothejungle.com/fr/companies/deloitte/jobs/stagiaire-global-rewards-pole-d-expertise-actionnariat-et-fiscalite-internationale-des-personnes-physiques-h-f_paris-la-defense?q=2d0b7bd3810856e0e2766f0edbe4809c&o=1116946
144,https://www.welcometothejungle.com/fr/companies/deloitte/jobs/stagiaire-prix-transfert-fiscalite-internationale-h-f_paris-la-defense?q=2d0b7bd3810856e0e2766f0edbe4809c&o=1116857
145,https://www.welcometothejungle.com/fr/companies/fastory/jobs/stage-developpeur-full-stack-react-node-js_paris?q=2d0b7bd3810856e0e2766f0edbe4809c&o=407008
146,https://www.welcometothejungle.com/fr/companies/fastory/jobs/stage-growth-hacker-sport-musique_paris?q=2d0b7bd3810856e0e2766f0edbe4809c&o=902631
147,https://www.welcometothejungle.com/fr/companies/finovox/jobs/stagiaire-marketing_paris?q=2d0b7bd3810856e0e2766f0edbe4809c&o=1103032
148,https://www.welcometothejungle.com/fr/companies/r2-digital-agency/jobs/assistant-chef-de-projet-h-f_rennes?q=2d0b7bd3810856e0e2766f0edbe4809c&o=194311
149,https://www.welcometothejungle.com/fr/companies/henkel/jobs/stages-metiers-de-la-supply-chain-le-chat-mir-schwarzkopf-nae-07-2023-6-mois-h-f-x_boulogne-billancourt?q=2d0b7bd3810856e0e2766f0edbe4809c&o=1614530
